,date,T,month,year
0,1871.0416666666667,,1,1871
1,1871.125,42.7,2,1871
2,1871.2083333333333,47.3,3,1871
3,1871.2916666666667,56.2,4,1871
4,1871.375,64.8,5,1871
5,1871.4583333333333,73.9,6,1871
6,1871.5416666666667,71.7,7,1871
7,1871.625,73.3,8,1871
8,1871.7083333333333,59.3,9,1871
9,1871.7916666666667,54.8,10,1871
10,1871.875,38.2,11,1871
11,1871.9583333333333,29.2,12,1871
12,1872.0416666666667,27.8,1,1872
13,1872.125,30.5,2,1872
14,1872.2083333333333,30.7,3,1872
15,1872.2916666666667,52.5,4,1872
16,1872.375,62.2,5,1872
17,1872.4583333333333,70.1,6,1872
18,1872.5416666666667,75.2,7,1872
19,1872.625,73.7,8,1872
20,1872.7083333333333,65.3,9,1872
21,1872.7916666666667,51.2,10,1872
22,1872.875,35.8,11,1872
23,1872.9583333333333,24.8,12,1872
24,1873.0416666666667,28.1,1,1873
25,1873.125,29.9,2,1873
26,1873.2083333333333,36.0,3,1873
27,1873.2916666666667,45.2,4,1873
28,1873.375,60.7,5,1873
29,1873.4583333333333,71.4,6,1873
30,1873.5416666666667,77.1,7,1873
31,1873.625,71.1,8,1873
32,1873.7083333333333,63.2,9,1873
33,1873.7916666666667,50.4,10,1873
34,1873.875,35.3,11,1873
35,1873.9583333333333,36.8,12,1873
36,1874.0416666666667,34.9,1,1874
37,1874.125,33.9,2,1874
38,1874.2083333333333,38.5,3,1874
39,1874.2916666666667,41.8,4,1874
40,1874.375,61.4,5,1874
41,1874.4583333333333,72.7,6,1874
42,1874.5416666666667,73.6,7,1874
43,1874.625,69.3,8,1874
44,1874.7083333333333,67.2,9,1874
45,1874.7916666666667,51.9,10,1874
46,1874.875,40.1,11,1874
47,1874.9583333333333,34.7,12,1874
48,1875.0416666666667,22.6,1,1875
49,1875.125,20.8,2,1875
50,1875.2083333333333,35.6,3,1875
51,1875.2916666666667,46.6,4,1875
52,1875.375,61.6,5,1875
53,1875.4583333333333,70.0,6,1875
54,1875.5416666666667,73.4,7,1875
55,1875.625,70.0,8,1875
56,1875.7083333333333,61.6,9,1875
57,1875.7916666666667,50.4,10,1875
58,1875.875,38.2,11,1875
59,1875.9583333333333,36.6,12,1875
60,1876.0416666666667,37.0,1,1876
61,1876.125,36.1,2,1876
62,1876.2083333333333,36.7,3,1876
63,1876.2916666666667,48.0,4,1876
64,1876.375,61.0,5,1876
65,1876.4583333333333,74.4,6,1876
66,1876.5416666666667,77.6,7,1876
67,1876.625,74.8,8,1876
68,1876.7083333333333,63.0,9,1876
69,1876.7916666666667,49.6,10,1876
70,1876.875,42.7,11,1876
71,1876.9583333333333,23.4,12,1876
72,1877.0416666666667,27.6,1,1877
73,1877.125,37.1,2,1877
74,1877.2083333333333,35.7,3,1877
75,1877.2916666666667,52.0,4,1877
76,1877.375,59.6,5,1877
77,1877.4583333333333,72.4,6,1877
78,1877.5416666666667,75.8,7,1877
79,1877.625,74.1,8,1877
80,1877.7083333333333,66.4,9,1877
81,1877.7916666666667,57.8,10,1877
82,1877.875,43.6,11,1877
83,1877.9583333333333,43.0,12,1877
84,1878.0416666666667,32.1,1,1878
85,1878.125,35.8,2,1878
86,1878.2083333333333,46.4,3,1878
87,1878.2916666666667,57.2,4,1878
88,1878.375,59.8,5,1878
89,1878.4583333333333,66.9,6,1878
90,1878.5416666666667,79.5,7,1878
91,1878.625,75.2,8,1878
92,1878.7083333333333,67.0,9,1878
93,1878.7916666666667,54.5,10,1878
94,1878.875,42.4,11,1878
95,1878.9583333333333,27.0,12,1878
96,1879.0416666666667,26.6,1,1879
97,1879.125,27.3,2,1879
98,1879.2083333333333,41.4,3,1879
99,1879.2916666666667,48.4,4,1879
100,1879.375,63.4,5,1879
101,1879.4583333333333,69.6,6,1879
102,1879.5416666666667,76.8,7,1879
103,1879.625,72.1,8,1879
104,1879.7083333333333,62.7,9,1879
105,1879.7916666666667,61.1,10,1879
106,1879.875,43.3,11,1879
107,1879.9583333333333,38.8,12,1879
108,1880.0416666666667,44.4,1,1880
109,1880.125,37.8,2,1880
110,1880.2083333333333,39.7,3,1880
111,1880.2916666666667,54.2,4,1880
112,1880.375,69.5,5,1880
113,1880.4583333333333,73.4,6,1880
114,1880.5416666666667,74.4,7,1880
115,1880.625,74.7,8,1880
116,1880.7083333333333,66.0,9,1880
117,1880.7916666666667,53.5,10,1880
118,1880.875,35.7,11,1880
119,1880.9583333333333,26.7,12,1880
120,1881.0416666666667,27.6,1,1881
121,1881.125,30.0,2,1881
122,1881.2083333333333,37.1,3,1881
123,1881.2916666666667,47.2,4,1881
124,1881.375,67.2,5,1881
125,1881.4583333333333,69.4,6,1881
126,1881.5416666666667,77.0,7,1881
127,1881.625,76.0,8,1881
128,1881.7083333333333,77.2,9,1881
129,1881.7916666666667,60.0,10,1881
130,1881.875,44.9,11,1881
131,1881.9583333333333,40.9,12,1881
132,1882.0416666666667,32.6,1,1882
133,1882.125,39.6,2,1882
134,1882.2083333333333,43.2,3,1882
135,1882.2916666666667,51.0,4,1882
136,1882.375,57.2,5,1882
137,1882.4583333333333,70.8,6,1882
138,1882.5416666666667,73.0,7,1882
139,1882.625,72.7,8,1882
140,1882.7083333333333,66.8,9,1882
141,1882.7916666666667,58.9,10,1882
142,1882.875,41.6,11,1882
143,1882.9583333333333,31.2,12,1882
144,1883.0416666666667,28.4,1,1883
145,1883.125,34.8,2,1883
146,1883.2083333333333,34.0,3,1883
147,1883.2916666666667,50.8,4,1883
148,1883.375,61.4,5,1883
149,1883.4583333333333,71.4,6,1883
150,1883.5416666666667,74.0,7,1883
151,1883.625,70.4,8,1883
152,1883.7083333333333,63.8,9,1883
153,1883.7916666666667,55.6,10,1883
154,1883.875,46.6,11,1883
155,1883.9583333333333,36.4,12,1883
156,1884.0416666666667,24.0,1,1884
157,1884.125,40.8,2,1884
158,1884.2083333333333,40.6,3,1884
159,1884.2916666666667,50.4,4,1884
160,1884.375,63.4,5,1884
161,1884.4583333333333,74.3,6,1884
162,1884.5416666666667,73.2,7,1884
163,1884.625,73.9,8,1884
164,1884.7083333333333,72.4,9,1884
165,1884.7916666666667,59.2,10,1884
166,1884.875,43.6,11,1884
167,1884.9583333333333,35.0,12,1884
168,1885.0416666666667,28.2,1,1885
169,1885.125,23.6,2,1885
170,1885.2083333333333,32.0,3,1885
171,1885.2916666666667,50.2,4,1885
172,1885.375,62.6,5,1885
173,1885.4583333333333,69.6,6,1885
174,1885.5416666666667,77.6,7,1885
175,1885.625,71.9,8,1885
176,1885.7083333333333,65.6,9,1885
177,1885.7916666666667,53.2,10,1885
178,1885.875,43.6,11,1885
179,1885.9583333333333,36.2,12,1885
180,1886.0416666666667,27.6,1,1886
181,1886.125,30.6,2,1886
182,1886.2083333333333,41.4,3,1886
183,1886.2916666666667,56.6,4,1886
184,1886.375,63.6,5,1886
185,1886.4583333333333,68.7,6,1886
186,1886.5416666666667,74.6,7,1886
187,1886.625,73.8,8,1886
188,1886.7083333333333,68.7,9,1886
189,1886.7916666666667,56.4,10,1886
190,1886.875,42.4,11,1886
191,1886.9583333333333,30.0,12,1886
192,1887.0416666666667,31.0,1,1887
193,1887.125,38.7,2,1887
194,1887.2083333333333,37.4,3,1887
195,1887.2916666666667,51.9,4,1887
196,1887.375,68.5,5,1887
197,1887.4583333333333,71.8,6,1887
198,1887.5416666666667,80.3,7,1887
199,1887.625,71.9,8,1887
200,1887.7083333333333,64.6,9,1887
201,1887.7916666666667,53.2,10,1887
202,1887.875,44.0,11,1887
203,1887.9583333333333,36.0,12,1887
204,1888.0416666666667,28.2,1,1888
205,1888.125,34.6,2,1888
206,1888.2083333333333,37.0,3,1888
207,1888.2916666666667,50.2,4,1888
208,1888.375,61.8,5,1888
209,1888.4583333333333,71.9,6,1888
210,1888.5416666666667,72.4,7,1888
211,1888.625,72.0,8,1888
212,1888.7083333333333,61.6,9,1888
213,1888.7916666666667,49.8,10,1888
214,1888.875,45.3,11,1888
215,1888.9583333333333,35.8,12,1888
216,1889.0416666666667,36.5,1,1889
217,1889.125,28.0,2,1889
218,1889.2083333333333,43.2,3,1889
219,1889.2916666666667,52.4,4,1889
220,1889.375,62.4,5,1889
221,1889.4583333333333,68.2,6,1889
222,1889.5416666666667,74.6,7,1889
223,1889.625,70.2,8,1889
224,1889.7083333333333,65.6,9,1889
225,1889.7916666666667,51.0,10,1889
226,1889.875,43.5,11,1889
227,1889.9583333333333,45.6,12,1889
228,1890.0416666666667,41.4,1,1890
229,1890.125,42.0,2,1890
230,1890.2083333333333,35.8,3,1890
231,1890.2916666666667,52.6,4,1890
232,1890.375,62.0,5,1890
233,1890.4583333333333,73.5,6,1890
234,1890.5416666666667,74.0,7,1890
235,1890.625,71.1,8,1890
236,1890.7083333333333,64.6,9,1890
237,1890.7916666666667,54.2,10,1890
238,1890.875,45.4,11,1890
239,1890.9583333333333,32.1,12,1890
240,1891.0416666666667,35.0,1,1891
241,1891.125,39.2,2,1891
242,1891.2083333333333,37.6,3,1891
243,1891.2916666666667,53.4,4,1891
244,1891.375,58.8,5,1891
245,1891.4583333333333,72.3,6,1891
246,1891.5416666666667,70.0,7,1891
247,1891.625,71.7,8,1891
248,1891.7083333333333,69.4,9,1891
249,1891.7916666666667,53.4,10,1891
250,1891.875,42.3,11,1891
251,1891.9583333333333,42.1,12,1891
252,1892.0416666666667,28.0,1,1892
253,1892.125,36.2,2,1892
254,1892.2083333333333,34.9,3,1892
255,1892.2916666666667,50.2,4,1892
256,1892.375,61.1,5,1892
257,1892.4583333333333,74.6,6,1892
258,1892.5416666666667,73.4,7,1892
259,1892.625,73.5,8,1892
260,1892.7083333333333,66.5,9,1892
261,1892.7916666666667,54.0,10,1892
262,1892.875,41.6,11,1892
263,1892.9583333333333,31.3,12,1892
264,1893.0416666666667,21.6,1,1893
265,1893.125,31.8,2,1893
266,1893.2083333333333,40.1,3,1893
267,1893.2916666666667,51.4,4,1893
268,1893.375,59.6,5,1893
269,1893.4583333333333,71.8,6,1893
270,1893.5416666666667,73.7,7,1893
271,1893.625,71.4,8,1893
272,1893.7083333333333,65.3,9,1893
273,1893.7916666666667,55.4,10,1893
274,1893.875,41.6,11,1893
275,1893.9583333333333,35.6,12,1893
276,1894.0416666666667,37.0,1,1894
277,1894.125,31.7,2,1894
278,1894.2083333333333,47.4,3,1894
279,1894.2916666666667,51.0,4,1894
280,1894.375,61.6,5,1894
281,1894.4583333333333,71.6,6,1894
282,1894.5416666666667,76.2,7,1894
283,1894.625,73.6,8,1894
284,1894.7083333333333,70.4,9,1894
285,1894.7916666666667,56.4,10,1894
286,1894.875,40.4,11,1894
287,1894.9583333333333,36.6,12,1894
288,1895.0416666666667,27.0,1,1895
289,1895.125,22.8,2,1895
290,1895.2083333333333,36.4,3,1895
291,1895.2916666666667,53.6,4,1895
292,1895.375,63.3,5,1895
293,1895.4583333333333,74.7,6,1895
294,1895.5416666666667,71.6,7,1895
295,1895.625,74.5,8,1895
296,1895.7083333333333,71.0,9,1895
297,1895.7916666666667,49.8,10,1895
298,1895.875,45.4,11,1895
299,1895.9583333333333,37.4,12,1895
300,1896.0416666666667,31.4,1,1896
301,1896.125,32.4,2,1896
302,1896.2083333333333,33.0,3,1896
303,1896.2916666666667,57.2,4,1896
304,1896.375,69.2,5,1896
305,1896.4583333333333,70.4,6,1896
306,1896.5416666666667,73.8,7,1896
307,1896.625,72.5,8,1896
308,1896.7083333333333,65.2,9,1896
309,1896.7916666666667,50.6,10,1896
310,1896.875,48.6,11,1896
311,1896.9583333333333,35.2,12,1896
312,1897.0416666666667,27.4,1,1897
313,1897.125,35.0,2,1897
314,1897.2083333333333,44.6,3,1897
315,1897.2916666666667,51.0,4,1897
316,1897.375,58.0,5,1897
317,1897.4583333333333,67.9,6,1897
318,1897.5416666666667,76.2,7,1897
319,1897.625,70.5,8,1897
320,1897.7083333333333,67.6,9,1897
321,1897.7916666666667,59.2,10,1897
322,1897.875,44.9,11,1897
323,1897.9583333333333,36.9,12,1897
324,1898.0416666666667,35.3,1,1898
325,1898.125,32.3,2,1898
326,1898.2083333333333,47.8,3,1898
327,1898.2916666666667,48.5,4,1898
328,1898.375,63.2,5,1898
329,1898.4583333333333,73.8,6,1898
330,1898.5416666666667,77.2,7,1898
331,1898.625,74.9,8,1898
332,1898.7083333333333,70.2,9,1898
333,1898.7916666666667,56.0,10,1898
334,1898.875,42.7,11,1898
335,1898.9583333333333,32.9,12,1898
336,1899.0416666666667,31.4,1,1899
337,1899.125,25.4,2,1899
338,1899.2083333333333,40.2,3,1899
339,1899.2916666666667,55.0,4,1899
340,1899.375,65.0,5,1899
341,1899.4583333333333,72.2,6,1899
342,1899.5416666666667,75.6,7,1899
343,1899.625,74.2,8,1899
344,1899.7083333333333,65.4,9,1899
345,1899.7916666666667,59.4,10,1899
346,1899.875,46.2,11,1899
347,1899.9583333333333,33.8,12,1899
348,1900.0416666666667,34.0,1,1900
349,1900.125,29.0,2,1900
350,1900.2083333333333,34.3,3,1900
351,1900.2916666666667,52.2,4,1900
352,1900.375,64.8,5,1900
353,1900.4583333333333,72.4,6,1900
354,1900.5416666666667,76.3,7,1900
355,1900.625,78.7,8,1900
356,1900.7083333333333,72.2,9,1900
357,1900.7916666666667,62.9,10,1900
358,1900.875,45.4,11,1900
359,1900.9583333333333,34.7,12,1900
360,1901.0416666666667,32.5,1,1901
361,1901.125,24.6,2,1901
362,1901.2083333333333,41.6,3,1901
363,1901.2916666666667,49.1,4,1901
364,1901.375,62.0,5,1901
365,1901.4583333333333,71.8,6,1901
366,1901.5416666666667,78.9,7,1901
367,1901.625,75.0,8,1901
368,1901.7083333333333,66.5,9,1901
369,1901.7916666666667,56.7,10,1901
370,1901.875,39.2,11,1901
371,1901.9583333333333,33.0,12,1901
372,1902.0416666666667,30.4,1,1902
373,1902.125,26.7,2,1902
374,1902.2083333333333,44.2,3,1902
375,1902.2916666666667,50.5,4,1902
376,1902.375,64.5,5,1902
377,1902.4583333333333,68.4,6,1902
378,1902.5416666666667,75.4,7,1902
379,1902.625,71.0,8,1902
380,1902.7083333333333,66.2,9,1902
381,1902.7916666666667,57.6,10,1902
382,1902.875,51.2,11,1902
383,1902.9583333333333,32.2,12,1902
384,1903.0416666666667,30.6,1,1903
385,1903.125,33.4,2,1903
386,1903.2083333333333,50.1,3,1903
387,1903.2916666666667,51.6,4,1903
388,1903.375,66.4,5,1903
389,1903.4583333333333,65.8,6,1903
390,1903.5416666666667,74.3,7,1903
391,1903.625,72.2,8,1903
392,1903.7083333333333,67.4,9,1903
393,1903.7916666666667,56.2,10,1903
394,1903.875,39.5,11,1903
395,1903.9583333333333,27.6,12,1903
396,1904.0416666666667,25.3,1,1904
397,1904.125,25.8,2,1904
398,1904.2083333333333,41.2,3,1904
399,1904.2916666666667,46.4,4,1904
400,1904.375,64.0,5,1904
401,1904.4583333333333,70.9,6,1904
402,1904.5416666666667,72.8,7,1904
403,1904.625,70.7,8,1904
404,1904.7083333333333,67.6,9,1904
405,1904.7916666666667,54.6,10,1904
406,1904.875,43.8,11,1904
407,1904.9583333333333,31.2,12,1904
408,1905.0416666666667,26.2,1,1905
409,1905.125,24.6,2,1905
410,1905.2083333333333,45.4,3,1905
411,1905.2916666666667,50.6,4,1905
412,1905.375,63.5,5,1905
413,1905.4583333333333,71.2,6,1905
414,1905.5416666666667,74.6,7,1905
415,1905.625,72.1,8,1905
416,1905.7083333333333,65.8,9,1905
417,1905.7916666666667,54.8,10,1905
418,1905.875,40.4,11,1905
419,1905.9583333333333,35.2,12,1905
420,1906.0416666666667,38.4,1,1906
421,1906.125,28.9,2,1906
422,1906.2083333333333,33.8,3,1906
423,1906.2916666666667,51.4,4,1906
424,1906.375,62.2,5,1906
425,1906.4583333333333,70.8,6,1906
426,1906.5416666666667,73.4,7,1906
427,1906.625,75.6,8,1906
428,1906.7083333333333,69.6,9,1906
429,1906.7916666666667,53.4,10,1906
430,1906.875,43.2,11,1906
431,1906.9583333333333,33.2,12,1906
432,1907.0416666666667,34.7,1,1907
433,1907.125,26.4,2,1907
434,1907.2083333333333,46.2,3,1907
435,1907.2916666666667,43.8,4,1907
436,1907.375,56.4,5,1907
437,1907.4583333333333,65.8,6,1907
438,1907.5416666666667,72.6,7,1907
439,1907.625,69.8,8,1907
440,1907.7083333333333,66.6,9,1907
441,1907.7916666666667,50.0,10,1907
442,1907.875,41.0,11,1907
443,1907.9583333333333,35.2,12,1907
444,1908.0416666666667,30.4,1,1908
445,1908.125,28.0,2,1908
446,1908.2083333333333,44.6,3,1908
447,1908.2916666666667,51.4,4,1908
448,1908.375,63.4,5,1908
449,1908.4583333333333,70.4,6,1908
450,1908.5416666666667,74.9,7,1908
451,1908.625,71.6,8,1908
452,1908.7083333333333,68.6,9,1908
453,1908.7916666666667,56.6,10,1908
454,1908.875,43.8,11,1908
455,1908.9583333333333,34.8,12,1908
456,1909.0416666666667,35.1,1,1909
457,1909.125,37.3,2,1909
458,1909.2083333333333,37.0,3,1909
459,1909.2916666666667,50.0,4,1909
460,1909.375,60.5,5,1909
461,1909.4583333333333,70.6,6,1909
462,1909.5416666666667,71.2,7,1909
463,1909.625,72.4,8,1909
464,1909.7083333333333,65.1,9,1909
465,1909.7916666666667,49.6,10,1909
466,1909.875,50.4,11,1909
467,1909.9583333333333,26.8,12,1909
468,1910.0416666666667,30.8,1,1910
469,1910.125,28.6,2,1910
470,1910.2083333333333,48.8,3,1910
471,1910.2916666666667,52.8,4,1910
472,1910.375,57.8,5,1910
473,1910.4583333333333,67.0,6,1910
474,1910.5416666666667,74.9,7,1910
475,1910.625,72.8,8,1910
476,1910.7083333333333,67.6,9,1910
477,1910.7916666666667,57.6,10,1910
478,1910.875,37.1,11,1910
479,1910.9583333333333,27.0,12,1910
480,1911.0416666666667,35.2,1,1911
481,1911.125,35.3,2,1911
482,1911.2083333333333,37.1,3,1911
483,1911.2916666666667,48.1,4,1911
484,1911.375,68.0,5,1911
485,1911.4583333333333,71.0,6,1911
486,1911.5416666666667,75.4,7,1911
487,1911.625,73.8,8,1911
488,1911.7083333333333,68.0,9,1911
489,1911.7916666666667,54.2,10,1911
490,1911.875,39.3,11,1911
491,1911.9583333333333,39.1,12,1911
492,1912.0416666666667,20.4,1,1912
493,1912.125,24.7,2,1912
494,1912.2083333333333,35.2,3,1912
495,1912.2916666666667,52.6,4,1912
496,1912.375,63.8,5,1912
497,1912.4583333333333,67.5,6,1912
498,1912.5416666666667,73.2,7,1912
499,1912.625,68.8,8,1912
500,1912.7083333333333,68.6,9,1912
501,1912.7916666666667,55.8,10,1912
502,1912.875,44.1,11,1912
503,1912.9583333333333,35.8,12,1912
504,1913.0416666666667,40.2,1,1913
505,1913.125,28.8,2,1913
506,1913.2083333333333,43.4,3,1913
507,1913.2916666666667,51.6,4,1913
508,1913.375,60.6,5,1913
509,1913.4583333333333,70.5,6,1913
510,1913.5416666666667,73.6,7,1913
511,1913.625,73.2,8,1913
512,1913.7083333333333,65.0,9,1913
513,1913.7916666666667,55.4,10,1913
514,1913.875,45.1,11,1913
515,1913.9583333333333,35.8,12,1913
516,1914.0416666666667,34.4,1,1914
517,1914.125,24.3,2,1914
518,1914.2083333333333,36.8,3,1914
519,1914.2916666666667,49.4,4,1914
520,1914.375,62.8,5,1914
521,1914.4583333333333,71.0,6,1914
522,1914.5416666666667,74.0,7,1914
523,1914.625,73.2,8,1914
524,1914.7083333333333,63.6,9,1914
525,1914.7916666666667,58.4,10,1914
526,1914.875,42.9,11,1914
527,1914.9583333333333,29.9,12,1914
528,1915.0416666666667,30.6,1,1915
529,1915.125,36.8,2,1915
530,1915.2083333333333,33.2,3,1915
531,1915.2916666666667,55.5,4,1915
532,1915.375,58.0,5,1915
533,1915.4583333333333,67.1,6,1915
534,1915.5416666666667,72.0,7,1915
535,1915.625,69.1,8,1915
536,1915.7083333333333,68.8,9,1915
537,1915.7916666666667,56.2,10,1915
538,1915.875,45.2,11,1915
539,1915.9583333333333,31.8,12,1915
540,1916.0416666666667,37.5,1,1916
541,1916.125,26.8,2,1916
542,1916.2083333333333,34.1,3,1916
543,1916.2916666666667,49.2,4,1916
544,1916.375,63.2,5,1916
545,1916.4583333333333,65.3,6,1916
546,1916.5416666666667,76.6,7,1916
547,1916.625,74.2,8,1916
548,1916.7083333333333,64.2,9,1916
549,1916.7916666666667,54.8,10,1916
550,1916.875,44.5,11,1916
551,1916.9583333333333,32.9,12,1916
552,1917.0416666666667,31.6,1,1917
553,1917.125,27.0,2,1917
554,1917.2083333333333,40.6,3,1917
555,1917.2916666666667,49.6,4,1917
556,1917.375,54.6,5,1917
557,1917.4583333333333,67.6,6,1917
558,1917.5416666666667,73.6,7,1917
559,1917.625,72.2,8,1917
560,1917.7083333333333,62.1,9,1917
561,1917.7916666666667,48.9,10,1917
562,1917.875,39.8,11,1917
563,1917.9583333333333,24.5,12,1917
564,1918.0416666666667,18.6,1,1918
565,1918.125,32.7,2,1918
566,1918.2083333333333,44.6,3,1918
567,1918.2916666666667,49.3,4,1918
568,1918.375,67.6,5,1918
569,1918.4583333333333,68.0,6,1918
570,1918.5416666666667,72.0,7,1918
571,1918.625,76.6,8,1918
572,1918.7083333333333,59.8,9,1918
573,1918.7916666666667,58.2,10,1918
574,1918.875,43.8,11,1918
575,1918.9583333333333,41.0,12,1918
576,1919.0416666666667,34.4,1,1919
577,1919.125,33.5,2,1919
578,1919.2083333333333,42.2,3,1919
579,1919.2916666666667,51.0,4,1919
580,1919.375,60.8,5,1919
581,1919.4583333333333,75.0,6,1919
582,1919.5416666666667,75.4,7,1919
583,1919.625,70.0,8,1919
584,1919.7083333333333,66.4,9,1919
585,1919.7916666666667,60.6,10,1919
586,1919.875,42.6,11,1919
587,1919.9583333333333,28.2,12,1919
588,1920.0416666666667,24.4,1,1920
589,1920.125,28.2,2,1920
590,1920.2083333333333,42.6,3,1920
591,1920.2916666666667,47.0,4,1920
592,1920.375,59.6,5,1920
593,1920.4583333333333,68.5,6,1920
594,1920.5416666666667,70.4,7,1920
595,1920.625,71.6,8,1920
596,1920.7083333333333,66.8,9,1920
597,1920.7916666666667,59.6,10,1920
598,1920.875,42.2,11,1920
599,1920.9583333333333,35.6,12,1920
600,1921.0416666666667,34.6,1,1921
601,1921.125,35.6,2,1921
602,1921.2083333333333,50.7,3,1921
603,1921.2916666666667,56.9,4,1921
604,1921.375,62.4,5,1921
605,1921.4583333333333,73.0,6,1921
606,1921.5416666666667,77.6,7,1921
607,1921.625,70.2,8,1921
608,1921.7083333333333,70.8,9,1921
609,1921.7916666666667,54.0,10,1921
610,1921.875,44.6,11,1921
611,1921.9583333333333,34.0,12,1921
612,1922.0416666666667,28.8,1,1922
613,1922.125,35.2,2,1922
614,1922.2083333333333,43.0,3,1922
615,1922.2916666666667,52.6,4,1922
616,1922.375,65.0,5,1922
617,1922.4583333333333,71.2,6,1922
618,1922.5416666666667,73.9,7,1922
619,1922.625,70.8,8,1922
620,1922.7083333333333,69.6,9,1922
621,1922.7916666666667,56.4,10,1922
622,1922.875,45.3,11,1922
623,1922.9583333333333,35.6,12,1922
624,1923.0416666666667,33.4,1,1923
625,1923.125,27.4,2,1923
626,1923.2083333333333,38.6,3,1923
627,1923.2916666666667,49.8,4,1923
628,1923.375,60.1,5,1923
629,1923.4583333333333,71.6,6,1923
630,1923.5416666666667,73.3,7,1923
631,1923.625,71.0,8,1923
632,1923.7083333333333,67.4,9,1923
633,1923.7916666666667,52.3,10,1923
634,1923.875,43.2,11,1923
635,1923.9583333333333,43.0,12,1923
636,1924.0416666666667,28.7,1,1924
637,1924.125,29.3,2,1924
638,1924.2083333333333,37.0,3,1924
639,1924.2916666666667,49.8,4,1924
640,1924.375,55.4,5,1924
641,1924.4583333333333,68.6,6,1924
642,1924.5416666666667,71.1,7,1924
643,1924.625,72.2,8,1924
644,1924.7083333333333,61.4,9,1924
645,1924.7916666666667,56.4,10,1924
646,1924.875,42.8,11,1924
647,1924.9583333333333,31.4,12,1924
648,1925.0416666666667,29.8,1,1925
649,1925.125,39.2,2,1925
650,1925.2083333333333,42.4,3,1925
651,1925.2916666666667,54.4,4,1925
652,1925.375,56.2,5,1925
653,1925.4583333333333,73.1,6,1925
654,1925.5416666666667,72.4,7,1925
655,1925.625,72.3,8,1925
656,1925.7083333333333,70.6,9,1925
657,1925.7916666666667,47.2,10,1925
658,1925.875,40.6,11,1925
659,1925.9583333333333,30.8,12,1925
660,1926.0416666666667,30.4,1,1926
661,1926.125,31.8,2,1926
662,1926.2083333333333,33.8,3,1926
663,1926.2916666666667,44.9,4,1926
664,1926.375,60.9,5,1926
665,1926.4583333333333,66.4,6,1926
666,1926.5416666666667,73.5,7,1926
667,1926.625,73.8,8,1926
668,1926.7083333333333,67.2,9,1926
669,1926.7916666666667,53.5,10,1926
670,1926.875,41.4,11,1926
671,1926.9583333333333,31.6,12,1926
672,1927.0416666666667,30.1,1,1927
673,1927.125,38.1,2,1927
674,1927.2083333333333,44.8,3,1927
675,1927.2916666666667,49.9,4,1927
676,1927.375,60.7,5,1927
677,1927.4583333333333,64.6,6,1927
678,1927.5416666666667,73.0,7,1927
679,1927.625,67.0,8,1927
680,1927.7083333333333,68.1,9,1927
681,1927.7916666666667,57.3,10,1927
682,1927.875,47.2,11,1927
683,1927.9583333333333,33.8,12,1927
684,1928.0416666666667,30.8,1,1928
685,1928.125,32.4,2,1928
686,1928.2083333333333,38.6,3,1928
687,1928.2916666666667,46.6,4,1928
688,1928.375,59.0,5,1928
689,1928.4583333333333,66.1,6,1928
690,1928.5416666666667,73.4,7,1928
691,1928.625,74.4,8,1928
692,1928.7083333333333,61.2,9,1928
693,1928.7916666666667,57.0,10,1928
694,1928.875,43.9,11,1928
695,1928.9583333333333,35.8,12,1928
696,1929.0416666666667,28.0,1,1929
697,1929.125,28.6,2,1929
698,1929.2083333333333,46.4,3,1929
699,1929.2916666666667,53.4,4,1929
700,1929.375,59.5,5,1929
701,1929.4583333333333,68.7,6,1929
702,1929.5416666666667,73.0,7,1929
703,1929.625,68.2,8,1929
704,1929.7083333333333,67.1,9,1929
705,1929.7916666666667,52.2,10,1929
706,1929.875,41.0,11,1929
707,1929.9583333333333,34.6,12,1929
708,1930.0416666666667,31.8,1,1930
709,1930.125,39.0,2,1930
710,1930.2083333333333,37.8,3,1930
711,1930.2916666666667,51.5,4,1930
712,1930.375,63.0,5,1930
713,1930.4583333333333,69.9,6,1930
714,1930.5416666666667,75.0,7,1930
715,1930.625,71.6,8,1930
716,1930.7083333333333,69.8,9,1930
717,1930.7916666666667,52.4,10,1930
718,1930.875,43.9,11,1930
719,1930.9583333333333,31.5,12,1930
720,1931.0416666666667,33.2,1,1931
721,1931.125,34.6,2,1931
722,1931.2083333333333,36.4,3,1931
723,1931.2916666666667,50.6,4,1931
724,1931.375,60.8,5,1931
725,1931.4583333333333,70.0,6,1931
726,1931.5416666666667,77.0,7,1931
727,1931.625,73.0,8,1931
728,1931.7083333333333,70.3,9,1931
729,1931.7916666666667,57.4,10,1931
730,1931.875,51.6,11,1931
731,1931.9583333333333,41.5,12,1931
732,1932.0416666666667,41.8,1,1932
733,1932.125,38.3,2,1932
734,1932.2083333333333,33.6,3,1932
735,1932.2916666666667,48.9,4,1932
736,1932.375,61.6,5,1932
737,1932.4583333333333,71.0,6,1932
738,1932.5416666666667,73.0,7,1932
739,1932.625,73.4,8,1932
740,1932.7083333333333,67.8,9,1932
741,1932.7916666666667,55.5,10,1932
742,1932.875,41.2,11,1932
743,1932.9583333333333,35.6,12,1932
744,1933.0416666666667,39.0,1,1933
745,1933.125,33.0,2,1933
746,1933.2083333333333,38.0,3,1933
747,1933.2916666666667,51.6,4,1933
748,1933.375,63.5,5,1933
749,1933.4583333333333,73.3,6,1933
750,1933.5416666666667,75.0,7,1933
751,1933.625,72.4,8,1933
752,1933.7083333333333,69.0,9,1933
753,1933.7916666666667,53.8,10,1933
754,1933.875,39.6,11,1933
755,1933.9583333333333,35.3,12,1933
756,1934.0416666666667,33.8,1,1934
757,1934.125,19.7,2,1934
758,1934.2083333333333,36.5,3,1934
759,1934.2916666666667,50.4,4,1934
760,1934.375,64.6,5,1934
761,1934.4583333333333,75.9,6,1934
762,1934.5416666666667,77.6,7,1934
763,1934.625,70.7,8,1934
764,1934.7083333333333,68.4,9,1934
765,1934.7916666666667,54.6,10,1934
766,1934.875,46.8,11,1934
767,1934.9583333333333,32.9,12,1934
768,1935.0416666666667,32.1,1,1935
769,1935.125,33.2,2,1935
770,1935.2083333333333,47.6,3,1935
771,1935.2916666666667,50.0,4,1935
772,1935.375,58.8,5,1935
773,1935.4583333333333,70.1,6,1935
774,1935.5416666666667,76.0,7,1935
775,1935.625,72.0,8,1935
776,1935.7083333333333,63.4,9,1935
777,1935.7916666666667,53.8,10,1935
778,1935.875,43.0,11,1935
779,1935.9583333333333,24.8,12,1935
780,1936.0416666666667,22.6,1,1936
781,1936.125,22.9,2,1936
782,1936.2083333333333,42.2,3,1936
783,1936.2916666666667,45.4,4,1936
784,1936.375,63.6,5,1936
785,1936.4583333333333,69.4,6,1936
786,1936.5416666666667,75.0,7,1936
787,1936.625,74.6,8,1936
788,1936.7083333333333,67.8,9,1936
789,1936.7916666666667,54.4,10,1936
790,1936.875,38.2,11,1936
791,1936.9583333333333,35.8,12,1936
792,1937.0416666666667,37.7,1,1937
793,1937.125,30.6,2,1937
794,1937.2083333333333,34.4,3,1937
795,1937.2916666666667,47.8,4,1937
796,1937.375,61.4,5,1937
797,1937.4583333333333,70.2,6,1937
798,1937.5416666666667,72.9,7,1937
799,1937.625,75.2,8,1937
800,1937.7083333333333,62.6,9,1937
801,1937.7916666666667,50.1,10,1937
802,1937.875,39.4,11,1937
803,1937.9583333333333,29.6,12,1937
804,1938.0416666666667,29.6,1,1938
805,1938.125,36.2,2,1938
806,1938.2083333333333,45.4,3,1938
807,1938.2916666666667,52.2,4,1938
808,1938.375,60.4,5,1938
809,1938.4583333333333,67.6,6,1938
810,1938.5416666666667,74.5,7,1938
811,1938.625,74.7,8,1938
812,1938.7083333333333,63.6,9,1938
813,1938.7916666666667,55.1,10,1938
814,1938.875,44.0,11,1938
815,1938.9583333333333,32.8,12,1938
816,1939.0416666666667,33.2,1,1939
817,1939.125,34.0,2,1939
818,1939.2083333333333,40.0,3,1939
819,1939.2916666666667,47.2,4,1939
820,1939.375,64.0,5,1939
821,1939.4583333333333,71.4,6,1939
822,1939.5416666666667,71.3,7,1939
823,1939.625,73.5,8,1939
824,1939.7083333333333,67.8,9,1939
825,1939.7916666666667,55.5,10,1939
826,1939.875,40.4,11,1939
827,1939.9583333333333,34.5,12,1939
828,1940.0416666666667,17.4,1,1940
829,1940.125,29.8,2,1940
830,1940.2083333333333,33.6,3,1940
831,1940.2916666666667,46.6,4,1940
832,1940.375,59.4,5,1940
833,1940.4583333333333,69.4,6,1940
834,1940.5416666666667,73.4,7,1940
835,1940.625,70.8,8,1940
836,1940.7083333333333,62.5,9,1940
837,1940.7916666666667,53.0,10,1940
838,1940.875,41.2,11,1940
839,1940.9583333333333,38.1,12,1940
840,1941.0416666666667,28.6,1,1941
841,1941.125,26.0,2,1941
842,1941.2083333333333,31.4,3,1941
843,1941.2916666666667,57.0,4,1941
844,1941.375,62.0,5,1941
845,1941.4583333333333,70.4,6,1941
846,1941.5416666666667,74.4,7,1941
847,1941.625,70.8,8,1941
848,1941.7083333333333,67.5,9,1941
849,1941.7916666666667,58.4,10,1941
850,1941.875,44.7,11,1941
851,1941.9583333333333,37.1,12,1941
852,1942.0416666666667,29.0,1,1942
853,1942.125,25.6,2,1942
854,1942.2083333333333,41.0,3,1942
855,1942.2916666666667,54.6,4,1942
856,1942.375,63.0,5,1942
857,1942.4583333333333,70.8,6,1942
858,1942.5416666666667,73.9,7,1942
859,1942.625,70.7,8,1942
860,1942.7083333333333,64.8,9,1942
861,1942.7916666666667,55.5,10,1942
862,1942.875,42.6,11,1942
863,1942.9583333333333,28.2,12,1942
864,1943.0416666666667,30.6,1,1943
865,1943.125,31.6,2,1943
866,1943.2083333333333,37.6,3,1943
867,1943.2916666666667,44.2,4,1943
868,1943.375,61.1,5,1943
869,1943.4583333333333,74.6,6,1943
870,1943.5416666666667,73.2,7,1943
871,1943.625,71.7,8,1943
872,1943.7083333333333,63.2,9,1943
873,1943.7916666666667,51.2,10,1943
874,1943.875,39.5,11,1943
875,1943.9583333333333,29.4,12,1943
876,1944.0416666666667,32.8,1,1944
877,1944.125,32.3,2,1944
878,1944.2083333333333,36.0,3,1944
879,1944.2916666666667,48.4,4,1944
880,1944.375,69.0,5,1944
881,1944.4583333333333,71.4,6,1944
882,1944.5416666666667,73.8,7,1944
883,1944.625,72.2,8,1944
884,1944.7083333333333,64.6,9,1944
885,1944.7916666666667,53.0,10,1944
886,1944.875,42.6,11,1944
887,1944.9583333333333,27.6,12,1944
888,1945.0416666666667,22.0,1,1945
889,1945.125,31.9,2,1945
890,1945.2083333333333,51.2,3,1945
891,1945.2916666666667,54.4,4,1945
892,1945.375,56.4,5,1945
893,1945.4583333333333,68.5,6,1945
894,1945.5416666666667,73.0,7,1945
895,1945.625,72.2,8,1945
896,1945.7083333333333,67.4,9,1945
897,1945.7916666666667,52.6,10,1945
898,1945.875,43.4,11,1945
899,1945.9583333333333,26.8,12,1945
900,1946.0416666666667,32.2,1,1946
901,1946.125,32.4,2,1946
902,1946.2083333333333,51.2,3,1946
903,1946.2916666666667,50.0,4,1946
904,1946.375,59.9,5,1946
905,1946.4583333333333,68.5,6,1946
906,1946.5416666666667,73.0,7,1946
907,1946.625,67.4,8,1946
908,1946.7083333333333,67.1,9,1946
909,1946.7916666666667,58.8,10,1946
910,1946.875,46.8,11,1946
911,1946.9583333333333,36.2,12,1946
912,1947.0416666666667,36.2,1,1947
913,1947.125,22.1,2,1947
914,1947.2083333333333,32.6,3,1947
915,1947.2916666666667,52.0,4,1947
916,1947.375,58.7,5,1947
917,1947.4583333333333,68.5,6,1947
918,1947.5416666666667,70.0,7,1947
919,1947.625,76.6,8,1947
920,1947.7083333333333,66.3,9,1947
921,1947.7916666666667,62.0,10,1947
922,1947.875,39.2,11,1947
923,1947.9583333333333,32.6,12,1947
924,1948.0416666666667,21.7,1,1948
925,1948.125,32.8,2,1948
926,1948.2083333333333,43.9,3,1948
927,1948.2916666666667,54.7,4,1948
928,1948.375,59.8,5,1948
929,1948.4583333333333,70.0,6,1948
930,1948.5416666666667,73.8,7,1948
931,1948.625,71.8,8,1948
932,1948.7083333333333,66.2,9,1948
933,1948.7916666666667,50.7,10,1948
934,1948.875,48.0,11,1948
935,1948.9583333333333,35.2,12,1948
936,1949.0416666666667,38.0,1,1949
937,1949.125,37.8,2,1949
938,1949.2083333333333,40.6,3,1949
939,1949.2916666666667,49.6,4,1949
940,1949.375,62.6,5,1949
941,1949.4583333333333,73.0,6,1949
942,1949.5416666666667,76.4,7,1949
943,1949.625,73.4,8,1949
944,1949.7083333333333,61.0,9,1949
945,1949.7916666666667,59.6,10,1949
946,1949.875,42.2,11,1949
947,1949.9583333333333,36.0,12,1949
948,1950.0416666666667,40.8,1,1950
949,1950.125,32.4,2,1950
950,1950.2083333333333,34.8,3,1950
951,1950.2916666666667,45.9,4,1950
952,1950.375,62.2,5,1950
953,1950.4583333333333,68.8,6,1950
954,1950.5416666666667,70.6,7,1950
955,1950.625,70.7,8,1950
956,1950.7083333333333,63.9,9,1950
957,1950.7916666666667,57.4,10,1950
958,1950.875,38.3,11,1950
959,1950.9583333333333,27.5,12,1950
960,1951.0416666666667,33.0,1,1951
961,1951.125,33.3,2,1951
962,1951.2083333333333,39.7,3,1951
963,1951.2916666666667,49.2,4,1951
964,1951.375,62.2,5,1951
965,1951.4583333333333,70.3,6,1951
966,1951.5416666666667,73.9,7,1951
967,1951.625,71.4,8,1951
968,1951.7083333333333,64.5,9,1951
969,1951.7916666666667,57.9,10,1951
970,1951.875,37.4,11,1951
971,1951.9583333333333,34.6,12,1951
972,1952.0416666666667,35.0,1,1952
973,1952.125,34.9,2,1952
974,1952.2083333333333,38.9,3,1952
975,1952.2916666666667,52.1,4,1952
976,1952.375,59.0,5,1952
977,1952.4583333333333,72.6,6,1952
978,1952.5416666666667,75.8,7,1952
979,1952.625,72.1,8,1952
980,1952.7083333333333,65.6,9,1952
981,1952.7916666666667,49.2,10,1952
982,1952.875,44.6,11,1952
983,1952.9583333333333,34.7,12,1952
984,1953.0416666666667,36.2,1,1953
985,1953.125,35.1,2,1953
986,1953.2083333333333,40.6,3,1953
987,1953.2916666666667,46.8,4,1953
988,1953.375,62.8,5,1953
989,1953.4583333333333,70.2,6,1953
990,1953.5416666666667,73.1,7,1953
991,1953.625,71.9,8,1953
992,1953.7083333333333,64.6,9,1953
993,1953.7916666666667,55.3,10,1953
994,1953.875,44.2,11,1953
995,1953.9583333333333,34.7,12,1953
996,1954.0416666666667,29.6,1,1954
997,1954.125,37.1,2,1954
998,1954.2083333333333,36.8,3,1954
999,1954.2916666666667,55.8,4,1954
1000,1954.375,56.2,5,1954
1001,1954.4583333333333,69.4,6,1954
1002,1954.5416666666667,72.2,7,1954
1003,1954.625,69.9,8,1954
1004,1954.7083333333333,66.8,9,1954
1005,1954.7916666666667,55.3,10,1954
1006,1954.875,41.5,11,1954
1007,1954.9583333333333,30.4,12,1954
1008,1955.0416666666667,27.0,1,1955
1009,1955.125,31.4,2,1955
1010,1955.2083333333333,40.5,3,1955
1011,1955.2916666666667,56.1,4,1955
1012,1955.375,62.1,5,1955
1013,1955.4583333333333,65.1,6,1955
1014,1955.5416666666667,76.9,7,1955
1015,1955.625,74.2,8,1955
1016,1955.7083333333333,66.1,9,1955
1017,1955.7916666666667,53.3,10,1955
1018,1955.875,38.9,11,1955
1019,1955.9583333333333,28.9,12,1955
1020,1956.0416666666667,27.7,1,1956
1021,1956.125,34.0,2,1956
1022,1956.2083333333333,37.2,3,1956
1023,1956.2916666666667,47.0,4,1956
1024,1956.375,58.5,5,1956
1025,1956.4583333333333,67.7,6,1956
1026,1956.5416666666667,70.3,7,1956
1027,1956.625,70.8,8,1956
1028,1956.7083333333333,60.4,9,1956
1029,1956.7916666666667,56.7,10,1956
1030,1956.875,42.0,11,1956
1031,1956.9583333333333,39.4,12,1956
1032,1957.0416666666667,25.0,1,1957
1033,1957.125,34.6,2,1957
1034,1957.2083333333333,39.7,3,1957
1035,1957.2916666666667,52.7,4,1957
1036,1957.375,60.9,5,1957
1037,1957.4583333333333,70.4,6,1957
1038,1957.5416666666667,71.8,7,1957
1039,1957.625,70.0,8,1957
1040,1957.7083333333333,64.8,9,1957
1041,1957.7916666666667,49.6,10,1957
1042,1957.875,42.7,11,1957
1043,1957.9583333333333,35.3,12,1957
1044,1958.0416666666667,27.4,1,1958
1045,1958.125,22.7,2,1958
1046,1958.2083333333333,36.1,3,1958
1047,1958.2916666666667,51.2,4,1958
1048,1958.375,58.6,5,1958
1049,1958.4583333333333,64.2,6,1958
1050,1958.5416666666667,73.0,7,1958
1051,1958.625,69.6,8,1958
1052,1958.7083333333333,63.1,9,1958
1053,1958.7916666666667,52.3,10,1958
1054,1958.875,44.0,11,1958
1055,1958.9583333333333,23.0,12,1958
1056,1959.0416666666667,25.3,1,1959
1057,1959.125,31.8,2,1959
1058,1959.2083333333333,37.0,3,1959
1059,1959.2916666666667,51.3,4,1959
1060,1959.375,63.9,5,1959
1061,1959.4583333333333,68.6,6,1959
1062,1959.5416666666667,72.7,7,1959
1063,1959.625,74.9,8,1959
1064,1959.7083333333333,68.3,9,1959
1065,1959.7916666666667,53.8,10,1959
1066,1959.875,39.0,11,1959
1067,1959.9583333333333,34.8,12,1959
1068,1960.0416666666667,30.7,1,1960
1069,1960.125,28.7,2,1960
1070,1960.2083333333333,26.0,3,1960
1071,1960.2916666666667,54.0,4,1960
1072,1960.375,57.5,5,1960
1073,1960.4583333333333,66.5,6,1960
1074,1960.5416666666667,68.6,7,1960
1075,1960.625,71.2,8,1960
1076,1960.7083333333333,66.1,9,1960
1077,1960.7916666666667,53.5,10,1960
1078,1960.875,43.1,11,1960
1079,1960.9583333333333,23.4,12,1960
1080,1961.0416666666667,22.2,1,1961
1081,1961.125,32.3,2,1961
1082,1961.2083333333333,41.3,3,1961
1083,1961.2916666666667,44.0,4,1961
1084,1961.375,55.2,5,1961
1085,1961.4583333333333,65.1,6,1961
1086,1961.5416666666667,70.5,7,1961
1087,1961.625,71.2,8,1961
1088,1961.7083333333333,68.5,9,1961
1089,1961.7916666666667,55.3,10,1961
1090,1961.875,42.8,11,1961
1091,1961.9583333333333,31.3,12,1961
1092,1962.0416666666667,26.2,1,1962
1093,1962.125,28.3,2,1962
1094,1962.2083333333333,36.5,3,1962
1095,1962.2916666666667,48.4,4,1962
1096,1962.375,65.3,5,1962
1097,1962.4583333333333,69.3,6,1962
1098,1962.5416666666667,70.1,7,1962
1099,1962.625,70.8,8,1962
1100,1962.7083333333333,58.6,9,1962
1101,1962.7916666666667,53.3,10,1962
1102,1962.875,41.1,11,1962
1103,1962.9583333333333,24.1,12,1962
1104,1963.0416666666667,21.1,1,1963
1105,1963.125,19.3,2,1963
1106,1963.2083333333333,40.7,3,1963
1107,1963.2916666666667,49.0,4,1963
1108,1963.375,56.5,5,1963
1109,1963.4583333333333,67.2,6,1963
1110,1963.5416666666667,70.8,7,1963
1111,1963.625,67.7,8,1963
1112,1963.7083333333333,61.3,9,1963
1113,1963.7916666666667,58.8,10,1963
1114,1963.875,43.7,11,1963
1115,1963.9583333333333,22.4,12,1963
1116,1964.0416666666667,31.4,1,1964
1117,1964.125,27.0,2,1964
1118,1964.2083333333333,40.0,3,1964
1119,1964.2916666666667,51.7,4,1964
1120,1964.375,62.7,5,1964
1121,1964.4583333333333,67.9,6,1964
1122,1964.5416666666667,72.3,7,1964
1123,1964.625,67.1,8,1964
1124,1964.7083333333333,63.7,9,1964
1125,1964.7916666666667,50.4,10,1964
1126,1964.875,45.5,11,1964
1127,1964.9583333333333,34.0,12,1964
1128,1965.0416666666667,28.2,1,1965
1129,1965.125,28.4,2,1965
1130,1965.2083333333333,35.2,3,1965
1131,1965.2916666666667,49.0,4,1965
1132,1965.375,65.9,5,1965
1133,1965.4583333333333,66.9,6,1965
1134,1965.5416666666667,69.9,7,1965
1135,1965.625,69.1,8,1965
1136,1965.7083333333333,64.7,9,1965
1137,1965.7916666666667,48.1,10,1965
1138,1965.875,41.3,11,1965
1139,1965.9583333333333,37.5,12,1965
1140,1966.0416666666667,23.1,1,1966
1141,1966.125,30.3,2,1966
1142,1966.2083333333333,40.9,3,1966
1143,1966.2916666666667,47.9,4,1966
1144,1966.375,56.1,5,1966
1145,1966.4583333333333,70.4,6,1966
1146,1966.5416666666667,75.6,7,1966
1147,1966.625,71.1,8,1966
1148,1966.7083333333333,61.3,9,1966
1149,1966.7916666666667,50.8,10,1966
1150,1966.875,42.8,11,1966
1151,1966.9583333333333,31.4,12,1966
1152,1967.0416666666667,32.3,1,1967
1153,1967.125,25.6,2,1967
1154,1967.2083333333333,40.2,3,1967
1155,1967.2916666666667,52.2,4,1967
1156,1967.375,54.3,5,1967
1157,1967.4583333333333,73.0,6,1967
1158,1967.5416666666667,71.5,7,1967
1159,1967.625,68.8,8,1967
1160,1967.7083333333333,61.1,9,1967
1161,1967.7916666666667,52.5,10,1967
1162,1967.875,36.8,11,1967
1163,1967.9583333333333,34.8,12,1967
1164,1968.0416666666667,23.4,1,1968
1165,1968.125,22.2,2,1968
1166,1968.2083333333333,40.4,3,1968
1167,1968.2916666666667,51.2,4,1968
1168,1968.375,54.7,5,1968
1169,1968.4583333333333,66.9,6,1968
1170,1968.5416666666667,72.0,7,1968
1171,1968.625,71.8,8,1968
1172,1968.7083333333333,64.8,9,1968
1173,1968.7916666666667,52.2,10,1968
1174,1968.875,41.3,11,1968
1175,1968.9583333333333,27.6,12,1968
1176,1969.0416666666667,26.7,1,1969
1177,1969.125,29.5,2,1969
1178,1969.2083333333333,34.3,3,1969
1179,1969.2916666666667,51.7,4,1969
1180,1969.375,60.2,5,1969
1181,1969.4583333333333,66.3,6,1969
1182,1969.5416666666667,72.7,7,1969
1183,1969.625,69.7,8,1969
1184,1969.7083333333333,63.0,9,1969
1185,1969.7916666666667,52.9,10,1969
1186,1969.875,39.2,11,1969
1187,1969.9583333333333,26.7,12,1969
1188,1970.0416666666667,20.7,1,1970
1189,1970.125,27.7,2,1970
1190,1970.2083333333333,35.5,3,1970
1191,1970.2916666666667,52.5,4,1970
1192,1970.375,63.9,5,1970
1193,1970.4583333333333,68.2,6,1970
1194,1970.5416666666667,71.6,7,1970
1195,1970.625,71.6,8,1970
1196,1970.7083333333333,67.8,9,1970
1197,1970.7916666666667,54.9,10,1970
1198,1970.875,42.2,11,1970
1199,1970.9583333333333,32.1,12,1970
1200,1971.0416666666667,23.7,1,1971
1201,1971.125,30.4,2,1971
1202,1971.2083333333333,34.3,3,1971
1203,1971.2916666666667,46.0,4,1971
1204,1971.375,56.6,5,1971
1205,1971.4583333333333,71.4,6,1971
1206,1971.5416666666667,70.2,7,1971
1207,1971.625,69.6,8,1971
1208,1971.7083333333333,68.5,9,1971
1209,1971.7916666666667,59.5,10,1971
1210,1971.875,40.4,11,1971
1211,1971.9583333333333,38.8,12,1971
1212,1972.0416666666667,29.6,1,1972
1213,1972.125,26.5,2,1972
1214,1972.2083333333333,36.4,3,1972
1215,1972.2916666666667,48.5,4,1972
1216,1972.375,61.8,5,1972
1217,1972.4583333333333,63.8,6,1972
1218,1972.5416666666667,71.2,7,1972
1219,1972.625,70.6,8,1972
1220,1972.7083333333333,65.3,9,1972
1221,1972.7916666666667,48.4,10,1972
1222,1972.875,39.3,11,1972
1223,1972.9583333333333,37.2,12,1972
1224,1973.0416666666667,29.7,1,1973
1225,1973.125,28.8,2,1973
1226,1973.2083333333333,48.3,3,1973
1227,1973.2916666666667,49.3,4,1973
1228,1973.375,56.4,5,1973
1229,1973.4583333333333,70.9,6,1973
1230,1973.5416666666667,73.2,7,1973
1231,1973.625,73.2,8,1973
1232,1973.7083333333333,56.1,9,1973
1233,1973.7916666666667,56.1,10,1973
1234,1973.875,44.1,11,1973
1235,1973.9583333333333,33.3,12,1973
1236,1974.0416666666667,34.0,1,1974
1237,1974.125,29.9,2,1974
1238,1974.2083333333333,41.2,3,1974
1239,1974.2916666666667,51.8,4,1974
1240,1974.375,58.3,5,1974
1241,1974.4583333333333,65.2,6,1974
1242,1974.5416666666667,73.1,7,1974
1243,1974.625,72.8,8,1974
1244,1974.7083333333333,62.2,9,1974
1245,1974.7916666666667,52.4,10,1974
1246,1974.875,43.9,11,1974
1247,1974.9583333333333,32.5,12,1974
1248,1975.0416666666667,32.6,1,1975
1249,1975.125,32.1,2,1975
1250,1975.2083333333333,36.3,3,1975
1251,1975.2916666666667,44.3,4,1975
1252,1975.375,63.0,5,1975
1253,1975.4583333333333,57.8,6,1975
1254,1975.5416666666667,72.8,7,1975
1255,1975.625,73.0,8,1975
1256,1975.7083333333333,58.8,9,1975
1257,1975.7916666666667,53.3,10,1975
1258,1975.875,46.3,11,1975
1259,1975.9583333333333,32.9,12,1975
1260,1976.0416666666667,23.5,1,1976
1261,1976.125,37.2,2,1976
1262,1976.2083333333333,45.2,3,1976
1263,1976.2916666666667,50.6,4,1976
1264,1976.375,55.6,5,1976
1265,1976.4583333333333,68.4,6,1976
1266,1976.5416666666667,67.4,7,1976
1267,1976.625,65.3,8,1976
1268,1976.7083333333333,59.9,9,1976
1269,1976.7916666666667,45.9,10,1976
1270,1976.875,33.1,11,1976
1271,1976.9583333333333,23.9,12,1976
1272,1977.0416666666667,11.4,1,1977
1273,1977.125,26.9,2,1977
1274,1977.2083333333333,43.7,3,1977
1275,1977.2916666666667,50.8,4,1977
1276,1977.375,63.0,5,1977
1277,1977.4583333333333,63.8,6,1977
1278,1977.5416666666667,71.8,7,1977
1279,1977.625,68.1,8,1977
1280,1977.7083333333333,64.7,9,1977
1281,1977.7916666666667,50.5,10,1977
1282,1977.875,45.6,11,1977
1283,1977.9583333333333,31.1,12,1977
1284,1978.0416666666667,22.6,1,1978
1285,1978.125,20.9,2,1978
1286,1978.2083333333333,36.9,3,1978
1287,1978.2916666666667,51.0,4,1978
1288,1978.375,60.2,5,1978
1289,1978.4583333333333,69.4,6,1978
1290,1978.5416666666667,73.0,7,1978
1291,1978.625,71.4,8,1978
1292,1978.7083333333333,66.2,9,1978
1293,1978.7916666666667,49.1,10,1978
1294,1978.875,43.0,11,1978
1295,1978.9583333333333,32.7,12,1978
1296,1979.0416666666667,21.4,1,1979
1297,1979.125,18.0,2,1979
1298,1979.2083333333333,43.1,3,1979
1299,1979.2916666666667,49.7,4,1979
1300,1979.375,59.1,5,1979
1301,1979.4583333333333,67.7,6,1979
1302,1979.5416666666667,70.3,7,1979
1303,1979.625,69.6,8,1979
1304,1979.7083333333333,63.4,9,1979
1305,1979.7916666666667,50.9,10,1979
1306,1979.875,44.7,11,1979
1307,1979.9583333333333,34.6,12,1979
1308,1980.0416666666667,26.9,1,1980
1309,1980.125,24.2,2,1980
1310,1980.2083333333333,35.6,3,1980
1311,1980.2916666666667,48.1,4,1980
1312,1980.375,60.3,5,1980
1313,1980.4583333333333,66.2,6,1980
1314,1980.5416666666667,75.0,7,1980
1315,1980.625,74.5,8,1980
1316,1980.7083333333333,67.1,9,1980
1317,1980.7916666666667,49.5,10,1980
1318,1980.875,38.6,11,1980
1319,1980.9583333333333,28.6,12,1980
1320,1981.0416666666667,20.5,1,1981
1321,1981.125,31.4,2,1981
1322,1981.2083333333333,35.6,3,1981
1323,1981.2916666666667,51.9,4,1981
1324,1981.375,58.4,5,1981
1325,1981.4583333333333,68.8,6,1981
1326,1981.5416666666667,72.1,7,1981
1327,1981.625,69.7,8,1981
1328,1981.7083333333333,61.9,9,1981
1329,1981.7916666666667,49.4,10,1981
1330,1981.875,40.3,11,1981
1331,1981.9583333333333,29.4,12,1981
1332,1982.0416666666667,20.9,1,1982
1333,1982.125,28.4,2,1982
1334,1982.2083333333333,38.4,3,1982
1335,1982.2916666666667,45.3,4,1982
1336,1982.375,64.7,5,1982
1337,1982.4583333333333,63.7,6,1982
1338,1982.5416666666667,72.4,7,1982
1339,1982.625,68.2,8,1982
1340,1982.7083333333333,63.4,9,1982
1341,1982.7916666666667,54.4,10,1982
1342,1982.875,44.7,11,1982
1343,1982.9583333333333,39.9,12,1982
1344,1983.0416666666667,30.0,1,1983
1345,1983.125,32.6,2,1983
1346,1983.2083333333333,40.7,3,1983
1347,1983.2916666666667,47.1,4,1983
1348,1983.375,55.8,5,1983
1349,1983.4583333333333,67.8,6,1983
1350,1983.5416666666667,73.0,7,1983
1351,1983.625,72.8,8,1983
1352,1983.7083333333333,64.4,9,1983
1353,1983.7916666666667,53.0,10,1983
1354,1983.875,43.5,11,1983
1355,1983.9583333333333,25.4,12,1983
1356,1984.0416666666667,23.2,1,1984
1357,1984.125,36.4,2,1984
1358,1984.2083333333333,32.2,3,1984
1359,1984.2916666666667,49.2,4,1984
1360,1984.375,55.3,5,1984
1361,1984.4583333333333,69.7,6,1984
1362,1984.5416666666667,68.5,7,1984
1363,1984.625,70.8,8,1984
1364,1984.7083333333333,61.4,9,1984
1365,1984.7916666666667,58.3,10,1984
1366,1984.875,40.2,11,1984
1367,1984.9583333333333,39.3,12,1984
1368,1985.0416666666667,22.1,1,1985
1369,1985.125,27.7,2,1985
1370,1985.2083333333333,42.1,3,1985
1371,1985.2916666666667,55.0,4,1985
1372,1985.375,60.6,5,1985
1373,1985.4583333333333,64.2,6,1985
1374,1985.5416666666667,70.5,7,1985
1375,1985.625,69.6,8,1985
1376,1985.7083333333333,65.3,9,1985
1377,1985.7916666666667,55.2,10,1985
1378,1985.875,47.1,11,1985
1379,1985.9583333333333,27.4,12,1985
1380,1986.0416666666667,28.3,1,1986
1381,1986.125,31.3,2,1986
1382,1986.2083333333333,41.1,3,1986
1383,1986.2916666666667,53.1,4,1986
1384,1986.375,62.0,5,1986
1385,1986.4583333333333,68.3,6,1986
1386,1986.5416666666667,73.3,7,1986
1387,1986.625,68.6,8,1986
1388,1986.7083333333333,66.6,9,1986
1389,1986.7916666666667,54.2,10,1986
1390,1986.875,40.4,11,1986
1391,1986.9583333333333,33.1,12,1986
1392,1987.0416666666667,28.0,1,1987
1393,1987.125,32.6,2,1987
1394,1987.2083333333333,41.9,3,1987
1395,1987.2916666666667,50.0,4,1987
1396,1987.375,63.0,5,1987
1397,1987.4583333333333,70.9,6,1987
1398,1987.5416666666667,75.7,7,1987
1399,1987.625,71.8,8,1987
1400,1987.7083333333333,65.1,9,1987
1401,1987.7916666666667,47.8,10,1987
1402,1987.875,46.2,11,1987
1403,1987.9583333333333,35.1,12,1987
1404,1988.0416666666667,26.6,1,1988
1405,1988.125,29.0,2,1988
1406,1988.2083333333333,39.3,3,1988
1407,1988.2916666666667,49.4,4,1988
1408,1988.375,61.4,5,1988
1409,1988.4583333333333,68.5,6,1988
1410,1988.5416666666667,76.9,7,1988
1411,1988.625,75.1,8,1988
1412,1988.7083333333333,63.5,9,1988
1413,1988.7916666666667,46.6,10,1988
1414,1988.875,44.2,11,1988
1415,1988.9583333333333,31.9,12,1988
1416,1989.0416666666667,35.5,1,1989
1417,1989.125,27.8,2,1989
1418,1989.2083333333333,41.1,3,1989
1419,1989.2916666666667,47.0,4,1989
1420,1989.375,58.0,5,1989
1421,1989.4583333333333,69.0,6,1989
1422,1989.5416666666667,74.1,7,1989
1423,1989.625,71.6,8,1989
1424,1989.7083333333333,64.8,9,1989
1425,1989.7916666666667,53.3,10,1989
1426,1989.875,40.6,11,1989
1427,1989.9583333333333,19.2,12,1989
1428,1990.0416666666667,36.8,1,1990
1429,1990.125,36.9,2,1990
1430,1990.2083333333333,44.0,3,1990
1431,1990.2916666666667,51.3,4,1990
1432,1990.375,57.7,5,1990
1433,1990.4583333333333,68.3,6,1990
1434,1990.5416666666667,71.7,7,1990
1435,1990.625,70.5,8,1990
1436,1990.7083333333333,63.7,9,1990
1437,1990.7916666666667,55.0,10,1990
1438,1990.875,45.5,11,1990
1439,1990.9583333333333,38.0,12,1990
1440,1991.0416666666667,29.7,1,1991
1441,1991.125,35.4,2,1991
1442,1991.2083333333333,43.0,3,1991
1443,1991.2916666666667,54.5,4,1991
1444,1991.375,68.7,5,1991
1445,1991.4583333333333,72.6,6,1991
1446,1991.5416666666667,75.4,7,1991
1447,1991.625,74.4,8,1991
1448,1991.7083333333333,64.6,9,1991
1449,1991.7916666666667,55.7,10,1991
1450,1991.875,41.6,11,1991
1451,1991.9583333333333,35.3,12,1991
1452,1992.0416666666667,30.5,1,1992
1453,1992.125,34.3,2,1992
1454,1992.2083333333333,38.8,3,1992
1455,1992.2916666666667,51.3,4,1992
1456,1992.375,59.1,5,1992
1457,1992.4583333333333,66.0,6,1992
1458,1992.5416666666667,72.4,7,1992
1459,1992.625,67.9,8,1992
1460,1992.7083333333333,63.7,9,1992
1461,1992.7916666666667,50.1,10,1992
1462,1992.875,42.9,11,1992
1463,1992.9583333333333,33.9,12,1992
1464,1993.0416666666667,35.1,1,1993
1465,1993.125,27.8,2,1993
1466,1993.2083333333333,37.6,3,1993
1467,1993.2916666666667,50.0,4,1993
1468,1993.375,61.9,5,1993
1469,1993.4583333333333,68.9,6,1993
1470,1993.5416666666667,75.7,7,1993
1471,1993.625,75.4,8,1993
1472,1993.7083333333333,63.3,9,1993
1473,1993.7916666666667,51.7,10,1993
1474,1993.875,43.0,11,1993
1475,1993.9583333333333,31.7,12,1993
1476,1994.0416666666667,21.1,1,1994
1477,1994.125,29.5,2,1994
1478,1994.2083333333333,37.8,3,1994
1479,1994.2916666666667,53.9,4,1994
1480,1994.375,56.7,5,1994
1481,1994.4583333333333,72.9,6,1994
1482,1994.5416666666667,74.5,7,1994
1483,1994.625,70.0,8,1994
1484,1994.7083333333333,63.8,9,1994
1485,1994.7916666666667,53.4,10,1994
1486,1994.875,47.7,11,1994
1487,1994.9583333333333,38.2,12,1994
1488,1995.0416666666667,31.0,1,1995
1489,1995.125,26.5,2,1995
1490,1995.2083333333333,42.8,3,1995
1491,1995.2916666666667,48.6,4,1995
1492,1995.375,60.4,5,1995
1493,1995.4583333333333,71.9,6,1995
1494,1995.5416666666667,75.7,7,1995
1495,1995.625,77.7,8,1995
1496,1995.7083333333333,64.3,9,1995
1497,1995.7916666666667,56.3,10,1995
1498,1995.875,38.1,11,1995
1499,1995.9583333333333,27.7,12,1995
1500,1996.0416666666667,27.5,1,1996
1501,1996.125,30.1,2,1996
1502,1996.2083333333333,34.7,3,1996
1503,1996.2916666666667,50.7,4,1996
1504,1996.375,60.0,5,1996
1505,1996.4583333333333,72.3,6,1996
1506,1996.5416666666667,69.6,7,1996
1507,1996.625,70.6,8,1996
1508,1996.7083333333333,63.7,9,1996
1509,1996.7916666666667,52.0,10,1996
1510,1996.875,36.3,11,1996
1511,1996.9583333333333,36.5,12,1996
1512,1997.0416666666667,28.1,1,1997
1513,1997.125,35.1,2,1997
1514,1997.2083333333333,40.5,3,1997
1515,1997.2916666666667,46.4,4,1997
1516,1997.375,54.2,5,1997
1517,1997.4583333333333,68.1,6,1997
1518,1997.5416666666667,71.7,7,1997
1519,1997.625,68.2,8,1997
1520,1997.7083333333333,62.1,9,1997
1521,1997.7916666666667,52.6,10,1997
1522,1997.875,39.0,11,1997
1523,1997.9583333333333,33.5,12,1997
1524,1998.0416666666667,37.1,1,1998
1525,1998.125,38.5,2,1998
1526,1998.2083333333333,42.2,3,1998
1527,1998.2916666666667,51.0,4,1998
1528,1998.375,64.5,5,1998
1529,1998.4583333333333,67.1,6,1998
1530,1998.5416666666667,71.2,7,1998
1531,1998.625,73.1,8,1998
1532,1998.7083333333333,67.2,9,1998
1533,1998.7916666666667,53.1,10,1998
1534,1998.875,44.4,11,1998
1535,1998.9583333333333,37.8,12,1998
1536,1999.0416666666667,30.1,1,1999
1537,1999.125,34.0,2,1999
1538,1999.2083333333333,35.1,3,1999
1539,1999.2916666666667,51.8,4,1999
1540,1999.375,61.0,5,1999
1541,1999.4583333333333,69.4,6,1999
1542,1999.5416666666667,76.0,7,1999
1543,1999.625,69.0,8,1999
1544,1999.7083333333333,64.2,9,1999
1545,1999.7916666666667,52.3,10,1999
1546,1999.875,46.7,11,1999
1547,1999.9583333333333,34.6,12,1999
1548,2000.0416666666667,27.7,1,2000
1549,2000.125,36.0,2,2000
1550,2000.2083333333333,45.4,3,2000
1551,2000.2916666666667,50.2,4,2000
1552,2000.375,62.5,5,2000
1553,2000.4583333333333,69.7,6,2000
1554,2000.5416666666667,68.8,7,2000
1555,2000.625,69.1,8,2000
1556,2000.7083333333333,62.3,9,2000
1557,2000.7916666666667,54.7,10,2000
1558,2000.875,39.5,11,2000
1559,2000.9583333333333,23.1,12,2000
1560,2001.0416666666667,28.4,1,2001
1561,2001.125,35.1,2,2001
1562,2001.2083333333333,35.3,3,2001
1563,2001.2916666666667,54.3,4,2001
1564,2001.375,60.0,5,2001
1565,2001.4583333333333,68.4,6,2001
1566,2001.5416666666667,70.2,7,2001
1567,2001.625,73.1,8,2001
1568,2001.7083333333333,62.1,9,2001
1569,2001.7916666666667,54.2,10,2001
1570,2001.875,48.2,11,2001
1571,2001.9583333333333,37.5,12,2001
1572,2002.0416666666667,35.5,1,2002
1573,2002.125,35.0,2,2002
1574,2002.2083333333333,40.9,3,2002
1575,2002.2916666666667,52.7,4,2002
1576,2002.375,56.7,5,2002
1577,2002.4583333333333,70.6,6,2002
1578,2002.5416666666667,76.0,7,2002
1579,2002.625,74.1,8,2002
1580,2002.7083333333333,67.4,9,2002
1581,2002.7916666666667,51.0,10,2002
1582,2002.875,40.3,11,2002
1583,2002.9583333333333,30.7,12,2002
1584,2003.0416666666667,21.5,1,2003
1585,2003.125,26.5,2,2003
1586,2003.2083333333333,41.0,3,2003
1587,2003.2916666666667,53.4,4,2003
1588,2003.375,59.1,5,2003
1589,2003.4583333333333,65.8,6,2003
1590,2003.5416666666667,71.3,7,2003
1591,2003.625,72.6,8,2003
1592,2003.7083333333333,63.1,9,2003
1593,2003.7916666666667,50.5,10,2003
1594,2003.875,46.0,11,2003
1595,2003.9583333333333,32.6,12,2003
1596,2004.0416666666667,22.2,1,2004
1597,2004.125,31.7,2,2004
1598,2004.2083333333333,42.7,3,2004
1599,2004.2916666666667,51.2,4,2004
1600,2004.375,65.5,5,2004
1601,2004.4583333333333,67.6,6,2004
1602,2004.5416666666667,71.3,7,2004
1603,2004.625,68.7,8,2004
1604,2004.7083333333333,65.8,9,2004
1605,2004.7916666666667,53.2,10,2004
1606,2004.875,46.0,11,2004
1607,2004.9583333333333,33.3,12,2004
1608,2005.0416666666667,29.7,1,2005
1609,2005.125,32.4,2,2005
1610,2005.2083333333333,35.3,3,2005
1611,2005.2916666666667,52.3,4,2005
1612,2005.375,56.3,5,2005
1613,2005.4583333333333,71.7,6,2005
1614,2005.5416666666667,75.1,7,2005
1615,2005.625,73.7,8,2005
1616,2005.7083333333333,67.3,9,2005
1617,2005.7916666666667,53.4,10,2005
1618,2005.875,44.0,11,2005
1619,2005.9583333333333,27.6,12,2005
1620,2006.0416666666667,38.1,1,2006
1621,2006.125,30.4,2,2006
1622,2006.2083333333333,38.2,3,2006
1623,2006.2916666666667,53.7,4,2006
1624,2006.375,58.8,5,2006
1625,2006.4583333333333,66.2,6,2006
1626,2006.5416666666667,73.4,7,2006
1627,2006.625,72.9,8,2006
1628,2006.7083333333333,61.0,9,2006
1629,2006.7916666666667,50.8,10,2006
1630,2006.875,45.2,11,2006
1631,2006.9583333333333,38.8,12,2006
1632,2007.0416666666667,32.5,1,2007
1633,2007.125,20.9,2,2007
1634,2007.2083333333333,43.3,3,2007
1635,2007.2916666666667,47.5,4,2007
1636,2007.375,63.8,5,2007
1637,2007.4583333333333,69.5,6,2007
1638,2007.5416666666667,70.6,7,2007
1639,2007.625,74.0,8,2007
1640,2007.7083333333333,66.7,9,2007
1641,2007.7916666666667,59.3,10,2007
1642,2007.875,41.8,11,2007
1643,2007.9583333333333,34.5,12,2007
1644,2008.0416666666667,31.4,1,2008
1645,2008.125,29.4,2,2008
1646,2008.2083333333333,37.1,3,2008
1647,2008.2916666666667,53.9,4,2008
1648,2008.375,57.0,5,2008
1649,2008.4583333333333,70.0,6,2008
1650,2008.5416666666667,72.6,7,2008
1651,2008.625,69.7,8,2008
1652,2008.7083333333333,65.9,9,2008
1653,2008.7916666666667,51.1,10,2008
1654,2008.875,40.1,11,2008
1655,2008.9583333333333,33.0,12,2008
1656,2009.0416666666667,22.0,1,2009
1657,2009.125,31.2,2,2009
1658,2009.2083333333333,42.3,3,2009
1659,2009.2916666666667,52.1,4,2009
1660,2009.375,61.2,5,2009
1661,2009.4583333333333,68.2,6,2009
1662,2009.5416666666667,69.4,7,2009
1663,2009.625,71.8,8,2009
1664,2009.7083333333333,64.9,9,2009
1665,2009.7916666666667,50.7,10,2009
1666,2009.875,47.2,11,2009
1667,2009.9583333333333,31.1,12,2009
1668,2010.0416666666667,25.9,1,2010
1669,2010.125,26.4,2,2010
1670,2010.2083333333333,43.3,3,2010
1671,2010.2916666666667,55.4,4,2010
1672,2010.375,63.6,5,2010
1673,2010.4583333333333,70.8,6,2010
1674,2010.5416666666667,75.6,7,2010
1675,2010.625,74.4,8,2010
1676,2010.7083333333333,65.7,9,2010
1677,2010.7916666666667,53.4,10,2010
1678,2010.875,42.3,11,2010
1679,2010.9583333333333,25.6,12,2010
1680,2011.0416666666667,24.2,1,2011
1681,2011.125,31.8,2,2011
1682,2011.2083333333333,39.2,3,2011
1683,2011.2916666666667,53.3,4,2011
1684,2011.375,62.9,5,2011
1685,2011.4583333333333,70.0,6,2011
1686,2011.5416666666667,76.9,7,2011
1687,2011.625,72.8,8,2011
1688,2011.7083333333333,65.4,9,2011
1689,2011.7916666666667,52.8,10,2011
1690,2011.875,46.9,11,2011
1691,2011.9583333333333,37.5,12,2011
1692,2012.0416666666667,32.8,1,2012
1693,2012.125,35.4,2,2012
1694,2012.2083333333333,51.5,3,2012
1695,2012.2916666666667,50.4,4,2012
1696,2012.375,67.0,5,2012
1697,2012.4583333333333,70.1,6,2012
1698,2012.5416666666667,76.8,7,2012
1699,2012.625,71.5,8,2012
1700,2012.7083333333333,63.6,9,2012
1701,2012.7916666666667,53.5,10,2012
1702,2012.875,39.6,11,2012
1703,2012.9583333333333,38.1,12,2012
1704,2013.0416666666667,31.5,1,2013
1705,2013.125,28.7,2,2013
1706,2013.2083333333333,35.9,3,2013
1707,2013.2916666666667,52.4,4,2013
1708,2013.375,62.5,5,2013
1709,2013.4583333333333,69.4,6,2013
1710,2013.5416666666667,73.4,7,2013
1711,2013.625,70.7,8,2013
1712,2013.7083333333333,64.0,9,2013
1713,2013.7916666666667,56.3,10,2013
1714,2013.875,39.4,11,2013
1715,2013.9583333333333,34.2,12,2013
1716,2014.0416666666667,22.1,1,2014
1717,2014.125,25.7,2,2014
1718,2014.2083333333333,34.5,3,2014
1719,2014.2916666666667,52.2,4,2014
1720,2014.375,62.0,5,2014
1721,2014.4583333333333,70.6,6,2014
1722,2014.5416666666667,70.5,7,2014
1723,2014.625,70.0,8,2014
1724,2014.7083333333333,64.1,9,2014
1725,2014.7916666666667,53.7,10,2014
1726,2014.875,38.8,11,2014
1727,2014.9583333333333,35.5,12,2014
1728,2015.0416666666667,25.3,1,2015
1729,2015.125,18.3,2,2015
1730,2015.2083333333333,35.8,3,2015
1731,2015.2916666666667,52.9,4,2015
1732,2015.375,66.1,5,2015
1733,2015.4583333333333,70.4,6,2015
1734,2015.5416666666667,73.3,7,2015
1735,2015.625,71.3,8,2015
1736,2015.7083333333333,69.6,9,2015
1737,2015.7916666666667,53.9,10,2015
1738,2015.875,48.6,11,2015
1739,2015.9583333333333,44.5,12,2015
1740,2016.0416666666667,26.7,1,2016
1741,2016.125,33.6,2,2016
1742,2016.2083333333333,48.0,3,2016
1743,2016.2916666666667,51.3,4,2016
1744,2016.375,61.2,5,2016
1745,2016.4583333333333,71.6,6,2016
1746,2016.5416666666667,75.5,7,2016
1747,2016.625,76.0,8,2016
1748,2016.7083333333333,69.5,9,2016
1749,2016.7916666666667,56.6,10,2016
1750,2016.875,46.5,11,2016
1751,2016.9583333333333,33.6,12,2016
1752,2017.0416666666667,34.6,1,2017
1753,2017.125,40.6,2,2017
1754,2017.2083333333333,39.9,3,2017
1755,2017.2916666666667,57.3,4,2017
1756,2017.375,60.6,5,2017
1757,2017.4583333333333,69.7,6,2017
1758,2017.5416666666667,73.7,7,2017
1759,2017.625,70.3,8,2017
1760,2017.7083333333333,66.4,9,2017
1761,2017.7916666666667,58.0,10,2017
1762,2017.875,42.0,11,2017
1763,2017.9583333333333,30.6,12,2017
1764,2018.0416666666667,25.6,1,2018
1765,2018.125,38.8,2,2018
1766,2018.2083333333333,34.8,3,2018
1767,2018.2916666666667,46.3,4,2018
1768,2018.375,69.0,5,2018
1769,2018.4583333333333,70.8,6,2018
1770,2018.5416666666667,73.5,7,2018
1771,2018.625,73.0,8,2018
1772,2018.7083333333333,69.7,9,2018
1773,2018.7916666666667,53.4,10,2018
1774,2018.875,37.3,11,2018
1775,2018.9583333333333,34.9,12,2018
1776,2019.0416666666667,27.5,1,2019
1777,2019.125,33.9,2,2019
1778,2019.2083333333333,36.7,3,2019
1779,2019.2916666666667,54.0,4,2019
1780,2019.375,64.0,5,2019
1781,2019.4583333333333,68.3,6,2019
1782,2019.5416666666667,75.0,7,2019
1783,2019.625,71.9,8,2019
1784,2019.7083333333333,69.0,9,2019
1785,2019.7916666666667,56.2,10,2019
1786,2019.875,37.7,11,2019
1787,2019.9583333333333,35.4,12,2019
1788,2020.0416666666667,35.2,1,2020
1789,2020.125,33.6,2,2020
1790,2020.2083333333333,45.6,3,2020
1791,2020.2916666666667,47.6,4,2020
1792,2020.375,58.2,5,2020
1793,2020.4583333333333,70.0,6,2020
1794,2020.5416666666667,77.3,7,2020
1795,2020.625,73.2,8,2020
1796,2020.7083333333333,64.6,9,2020
1797,2020.7916666666667,54.0,10,2020
1798,2020.875,46.6,11,2020
1799,2020.9583333333333,33.5,12,2020
1800,2021.0416666666667,30.3,1,2021
1801,2021.125,27.6,2,2021
1802,2021.2083333333333,44.8,3,2021
1803,2021.2916666666667,51.3,4,2021
1804,2021.375,58.5,5,2021
1805,2021.4583333333333,71.2,6,2021
1806,2021.5416666666667,72.5,7,2021
1807,2021.625,74.4,8,2021
1808,2021.7083333333333,66.3,9,2021
1809,2021.7916666666667,59.5,10,2021
1810,2021.875,40.5,11,2021
1811,2021.9583333333333,40.9,12,2021
1812,2022.0416666666667,23.6,1,2022
1813,2022.125,31.9,2,2022
1814,2022.2083333333333,42.7,3,2022
1815,2022.2916666666667,48.9,4,2022
1816,2022.375,62.8,5,2022
1817,2022.4583333333333,69.6,6,2022
1818,2022.5416666666667,74.2,7,2022
1819,2022.625,72.1,8,2022
1820,2022.7083333333333,64.3,9,2022
1821,2022.7916666666667,50.7,10,2022
1822,2022.875,44.3,11,2022
1823,2022.9583333333333,33.0,12,2022
1824,2023.0416666666667,36.9,1,2023
1825,2023.125,39.7,2,2023
1826,2023.2083333333333,40.0,3,2023
1827,2023.2916666666667,52.8,4,2023
1828,2023.375,59.3,5,2023
1829,2023.4583333333333,66.5,6,2023
1830,2023.5416666666667,73.9,7,2023
1831,2023.625,72.4,8,2023
1832,2023.7083333333333,67.6,9,2023
1833,2023.7916666666667,57.0,10,2023
1834,2023.875,43.5,11,2023
1835,2023.9583333333333,,12,2023
